email,password
test1@test.com,123456
test2@test.com,123456
test3@test.com,123456
test4@test.com,123456
test5@test.com,123456
test6@test.com,123456
test7@test.com,123456
test8@test.com,123456
test9@test.com,123456
test10@test.com,123456
test11@test.com,123456
test12@test.com,123456
test13@test.com,123456
test14@test.com,123456
test15@test.com,123456
test16@test.com,123456
test17@test.com,123456
test18@test.com,123456
test19@test.com,123456
test20@test.com,123456
test21@test.com,123456
test22@test.com,123456
test23@test.com,123456
test24@test.com,123456
test25@test.com,123456
test26@test.com,123456
test27@test.com,123456
test28@test.com,123456
test29@test.com,123456
test30@test.com,123456
test31@test.com,123456
test32@test.com,123456
test33@test.com,123456
test34@test.com,123456
test35@test.com,123456
test36@test.com,123456
test37@test.com,123456
test38@test.com,123456
test39@test.com,123456
test40@test.com,123456
test41@test.com,123456
test42@test.com,123456
test43@test.com,123456
test44@test.com,123456
test45@test.com,123456
test46@test.com,123456
test47@test.com,123456
test48@test.com,123456
test49@test.com,123456
test50@test.com,123456
test51@test.com,123456
test52@test.com,123456
test53@test.com,123456
test54@test.com,123456
test55@test.com,123456
test56@test.com,123456
test57@test.com,123456
test58@test.com,123456
test59@test.com,123456
test60@test.com,123456
test61@test.com,123456
test62@test.com,123456
test63@test.com,123456
test64@test.com,123456
test65@test.com,123456
test66@test.com,123456
test67@test.com,123456
test68@test.com,123456
test69@test.com,123456
test70@test.com,123456
test71@test.com,123456
test72@test.com,123456
test73@test.com,123456
test74@test.com,123456
test75@test.com,123456
test76@test.com,123456
test77@test.com,123456
test78@test.com,123456
test79@test.com,123456
test80@test.com,123456
test81@test.com,123456
test82@test.com,123456
test83@test.com,123456
test84@test.com,123456
test85@test.com,123456
test86@test.com,123456
test87@test.com,123456
test88@test.com,123456
test89@test.com,123456
test90@test.com,123456
test91@test.com,123456
test92@test.com,123456
test93@test.com,123456
test94@test.com,123456
test95@test.com,123456
test96@test.com,123456
test97@test.com,123456
test98@test.com,123456
test99@test.com,123456
test100@test.com,123456
test101@test.com,123456
test102@test.com,123456
test103@test.com,123456
test104@test.com,123456
test105@test.com,123456
test106@test.com,123456
test107@test.com,123456
test108@test.com,123456
test109@test.com,123456
test110@test.com,123456
test111@test.com,123456
test112@test.com,123456
test113@test.com,123456
test114@test.com,123456
test115@test.com,123456
test116@test.com,123456
test117@test.com,123456
test118@test.com,123456
test119@test.com,123456
test120@test.com,123456
test121@test.com,123456
test122@test.com,123456
test123@test.com,123456
test124@test.com,123456
test125@test.com,123456
test126@test.com,123456
test127@test.com,123456
test128@test.com,123456
test129@test.com,123456
test130@test.com,123456
test131@test.com,123456
test132@test.com,123456
test133@test.com,123456
test134@test.com,123456
test135@test.com,123456
test136@test.com,123456
test137@test.com,123456
test138@test.com,123456
test139@test.com,123456
test140@test.com,123456
test141@test.com,123456
test142@test.com,123456
test143@test.com,123456
test144@test.com,123456
test145@test.com,123456
test146@test.com,123456
test147@test.com,123456
test148@test.com,123456
test149@test.com,123456
test150@test.com,123456
test151@test.com,123456
test152@test.com,123456
test153@test.com,123456
test154@test.com,123456
test155@test.com,123456
test156@test.com,123456
test157@test.com,123456
test158@test.com,123456
test159@test.com,123456
test160@test.com,123456
test161@test.com,123456
test162@test.com,123456
test163@test.com,123456
test164@test.com,123456
test165@test.com,123456
test166@test.com,123456
test167@test.com,123456
test168@test.com,123456
test169@test.com,123456
test170@test.com,123456
test171@test.com,123456
test172@test.com,123456
test173@test.com,123456
test174@test.com,123456
test175@test.com,123456
test176@test.com,123456
test177@test.com,123456
test178@test.com,123456
test179@test.com,123456
test180@test.com,123456
test181@test.com,123456
test182@test.com,123456
test183@test.com,123456
test184@test.com,123456
test185@test.com,123456
test186@test.com,123456
test187@test.com,123456
test188@test.com,123456
test189@test.com,123456
test190@test.com,123456
test191@test.com,123456
test192@test.com,123456
test193@test.com,123456
test194@test.com,123456
test195@test.com,123456
test196@test.com,123456
test197@test.com,123456
test198@test.com,123456
test199@test.com,123456
test200@test.com,123456
test201@test.com,123456
test202@test.com,123456
test203@test.com,123456
test204@test.com,123456
test205@test.com,123456
test206@test.com,123456
test207@test.com,123456
test208@test.com,123456
test209@test.com,123456
test210@test.com,123456
test211@test.com,123456
test212@test.com,123456
test213@test.com,123456
test214@test.com,123456
test215@test.com,123456
test216@test.com,123456
test217@test.com,123456
test218@test.com,123456
test219@test.com,123456
test220@test.com,123456
test221@test.com,123456
test222@test.com,123456
test223@test.com,123456
test224@test.com,123456
test225@test.com,123456
test226@test.com,123456
test227@test.com,123456
test228@test.com,123456
test229@test.com,123456
test230@test.com,123456
test231@test.com,123456
test232@test.com,123456
test233@test.com,123456
test234@test.com,123456
test235@test.com,123456
test236@test.com,123456
test237@test.com,123456
test238@test.com,123456
test239@test.com,123456
test240@test.com,123456
test241@test.com,123456
test242@test.com,123456
test243@test.com,123456
test244@test.com,123456
test245@test.com,123456
test246@test.com,123456
test247@test.com,123456
test248@test.com,123456
test249@test.com,123456
test250@test.com,123456
test251@test.com,123456
test252@test.com,123456
test253@test.com,123456
test254@test.com,123456
test255@test.com,123456
test256@test.com,123456
test257@test.com,123456
test258@test.com,123456
test259@test.com,123456
test260@test.com,123456
test261@test.com,123456
test262@test.com,123456
test263@test.com,123456
test264@test.com,123456
test265@test.com,123456
test266@test.com,123456
test267@test.com,123456
test268@test.com,123456
test269@test.com,123456
test270@test.com,123456
test271@test.com,123456
test272@test.com,123456
test273@test.com,123456
test274@test.com,123456
test275@test.com,123456
test276@test.com,123456
test277@test.com,123456
test278@test.com,123456
test279@test.com,123456
test280@test.com,123456
test281@test.com,123456
test282@test.com,123456
test283@test.com,123456
test284@test.com,123456
test285@test.com,123456
test286@test.com,123456
test287@test.com,123456
test288@test.com,123456
test289@test.com,123456
test290@test.com,123456
test291@test.com,123456
test292@test.com,123456
test293@test.com,123456
test294@test.com,123456
test295@test.com,123456
test296@test.com,123456
test297@test.com,123456
test298@test.com,123456
test299@test.com,123456
test300@test.com,123456
test301@test.com,123456
test302@test.com,123456
test303@test.com,123456
test304@test.com,123456
test305@test.com,123456
test306@test.com,123456
test307@test.com,123456
test308@test.com,123456
test309@test.com,123456
test310@test.com,123456
test311@test.com,123456
test312@test.com,123456
test313@test.com,123456
test314@test.com,123456
test315@test.com,123456
test316@test.com,123456
test317@test.com,123456
test318@test.com,123456
test319@test.com,123456
test320@test.com,123456
test321@test.com,123456
test322@test.com,123456
test323@test.com,123456
test324@test.com,123456
test325@test.com,123456
test326@test.com,123456
test327@test.com,123456
test328@test.com,123456
test329@test.com,123456
test330@test.com,123456
test331@test.com,123456
test332@test.com,123456
test333@test.com,123456
test334@test.com,123456
test335@test.com,123456
test336@test.com,123456
test337@test.com,123456
test338@test.com,123456
test339@test.com,123456
test340@test.com,123456
test341@test.com,123456
test342@test.com,123456
test343@test.com,123456
test344@test.com,123456
test345@test.com,123456
test346@test.com,123456
test347@test.com,123456
test348@test.com,123456
test349@test.com,123456
test350@test.com,123456
test351@test.com,123456
test352@test.com,123456
test353@test.com,123456
test354@test.com,123456
test355@test.com,123456
test356@test.com,123456
test357@test.com,123456
test358@test.com,123456
test359@test.com,123456
test360@test.com,123456
test361@test.com,123456
test362@test.com,123456
test363@test.com,123456
test364@test.com,123456
test365@test.com,123456
test366@test.com,123456
test367@test.com,123456
test368@test.com,123456
test369@test.com,123456
test370@test.com,123456
test371@test.com,123456
test372@test.com,123456
test373@test.com,123456
test374@test.com,123456
test375@test.com,123456
test376@test.com,123456
test377@test.com,123456
test378@test.com,123456
test379@test.com,123456
test380@test.com,123456
test381@test.com,123456
test382@test.com,123456
test383@test.com,123456
test384@test.com,123456
test385@test.com,123456
test386@test.com,123456
test387@test.com,123456
test388@test.com,123456
test389@test.com,123456
test390@test.com,123456
test391@test.com,123456
test392@test.com,123456
test393@test.com,123456
test394@test.com,123456
test395@test.com,123456
test396@test.com,123456
test397@test.com,123456
test398@test.com,123456
test399@test.com,123456
test400@test.com,123456
test401@test.com,123456
test402@test.com,123456
test403@test.com,123456
test404@test.com,123456
test405@test.com,123456
test406@test.com,123456
test407@test.com,123456
test408@test.com,123456
test409@test.com,123456
test410@test.com,123456
test411@test.com,123456
test412@test.com,123456
test413@test.com,123456
test414@test.com,123456
test415@test.com,123456
test416@test.com,123456
test417@test.com,123456
test418@test.com,123456
test419@test.com,123456
test420@test.com,123456
test421@test.com,123456
test422@test.com,123456
test423@test.com,123456
test424@test.com,123456
test425@test.com,123456
test426@test.com,123456
test427@test.com,123456
test428@test.com,123456
test429@test.com,123456
test430@test.com,123456
test431@test.com,123456
test432@test.com,123456
test433@test.com,123456
test434@test.com,123456
test435@test.com,123456
test436@test.com,123456
test437@test.com,123456
test438@test.com,123456
test439@test.com,123456
test440@test.com,123456
test441@test.com,123456
test442@test.com,123456
test443@test.com,123456
test444@test.com,123456
test445@test.com,123456
test446@test.com,123456
test447@test.com,123456
test448@test.com,123456
test449@test.com,123456
test450@test.com,123456
test451@test.com,123456
test452@test.com,123456
test453@test.com,123456
test454@test.com,123456
test455@test.com,123456
test456@test.com,123456
test457@test.com,123456
test458@test.com,123456
test459@test.com,123456
test460@test.com,123456
test461@test.com,123456
test462@test.com,123456
test463@test.com,123456
test464@test.com,123456
test465@test.com,123456
test466@test.com,123456
test467@test.com,123456
test468@test.com,123456
test469@test.com,123456
test470@test.com,123456
test471@test.com,123456
test472@test.com,123456
test473@test.com,123456
test474@test.com,123456
test475@test.com,123456
test476@test.com,123456
test477@test.com,123456
test478@test.com,123456
test479@test.com,123456
test480@test.com,123456
test481@test.com,123456
test482@test.com,123456
test483@test.com,123456
test484@test.com,123456
test485@test.com,123456
test486@test.com,123456
test487@test.com,123456
test488@test.com,123456
test489@test.com,123456
test490@test.com,123456
test491@test.com,123456
test492@test.com,123456
test493@test.com,123456
test494@test.com,123456
test495@test.com,123456
test496@test.com,123456
test497@test.com,123456
test498@test.com,123456
test499@test.com,123456
test500@test.com,123456
test501@test.com,123456
test502@test.com,123456
test503@test.com,123456
test504@test.com,123456
test505@test.com,123456
test506@test.com,123456
test507@test.com,123456
test508@test.com,123456
test509@test.com,123456
test510@test.com,123456
test511@test.com,123456
test512@test.com,123456
test513@test.com,123456
test514@test.com,123456
test515@test.com,123456
test516@test.com,123456
test517@test.com,123456
test518@test.com,123456
test519@test.com,123456
test520@test.com,123456
test521@test.com,123456
test522@test.com,123456
test523@test.com,123456
test524@test.com,123456
test525@test.com,123456
test526@test.com,123456
test527@test.com,123456
test528@test.com,123456
test529@test.com,123456
test530@test.com,123456
test531@test.com,123456
test532@test.com,123456
test533@test.com,123456
test534@test.com,123456
test535@test.com,123456
test536@test.com,123456
test537@test.com,123456
test538@test.com,123456
test539@test.com,123456
test540@test.com,123456
test541@test.com,123456
test542@test.com,123456
test543@test.com,123456
test544@test.com,123456
test545@test.com,123456
test546@test.com,123456
test547@test.com,123456
test548@test.com,123456
test549@test.com,123456
test550@test.com,123456
test551@test.com,123456
test552@test.com,123456
test553@test.com,123456
test554@test.com,123456
test555@test.com,123456
test556@test.com,123456
test557@test.com,123456
test558@test.com,123456
test559@test.com,123456
test560@test.com,123456
test561@test.com,123456
test562@test.com,123456
test563@test.com,123456
test564@test.com,123456
test565@test.com,123456
test566@test.com,123456
test567@test.com,123456
test568@test.com,123456
test569@test.com,123456
test570@test.com,123456
test571@test.com,123456
test572@test.com,123456
test573@test.com,123456
test574@test.com,123456
test575@test.com,123456
test576@test.com,123456
test577@test.com,123456
test578@test.com,123456
test579@test.com,123456
test580@test.com,123456
test581@test.com,123456
test582@test.com,123456
test583@test.com,123456
test584@test.com,123456
test585@test.com,123456
test586@test.com,123456
test587@test.com,123456
test588@test.com,123456
test589@test.com,123456
test590@test.com,123456
test591@test.com,123456
test592@test.com,123456
test593@test.com,123456
test594@test.com,123456
test595@test.com,123456
test596@test.com,123456
test597@test.com,123456
test598@test.com,123456
test599@test.com,123456
test600@test.com,123456
test601@test.com,123456
test602@test.com,123456
test603@test.com,123456
test604@test.com,123456
test605@test.com,123456
test606@test.com,123456
test607@test.com,123456
test608@test.com,123456
test609@test.com,123456
test610@test.com,123456
test611@test.com,123456
test612@test.com,123456
test613@test.com,123456
test614@test.com,123456
test615@test.com,123456
test616@test.com,123456
test617@test.com,123456
test618@test.com,123456
test619@test.com,123456
test620@test.com,123456
test621@test.com,123456
test622@test.com,123456
test623@test.com,123456
test624@test.com,123456
test625@test.com,123456
test626@test.com,123456
test627@test.com,123456
test628@test.com,123456
test629@test.com,123456
test630@test.com,123456
test631@test.com,123456
test632@test.com,123456
test633@test.com,123456
test634@test.com,123456
test635@test.com,123456
test636@test.com,123456
test637@test.com,123456
test638@test.com,123456
test639@test.com,123456
test640@test.com,123456
test641@test.com,123456
test642@test.com,123456
test643@test.com,123456
test644@test.com,123456
test645@test.com,123456
test646@test.com,123456
test647@test.com,123456
test648@test.com,123456
test649@test.com,123456
test650@test.com,123456
test651@test.com,123456
test652@test.com,123456
test653@test.com,123456
test654@test.com,123456
test655@test.com,123456
test656@test.com,123456
test657@test.com,123456
test658@test.com,123456
test659@test.com,123456
test660@test.com,123456
test661@test.com,123456
test662@test.com,123456
test663@test.com,123456
test664@test.com,123456
test665@test.com,123456
test666@test.com,123456
test667@test.com,123456
test668@test.com,123456
test669@test.com,123456
test670@test.com,123456
test671@test.com,123456
test672@test.com,123456
test673@test.com,123456
test674@test.com,123456
test675@test.com,123456
test676@test.com,123456
test677@test.com,123456
test678@test.com,123456
test679@test.com,123456
test680@test.com,123456
test681@test.com,123456
test682@test.com,123456
test683@test.com,123456
test684@test.com,123456
test685@test.com,123456
test686@test.com,123456
test687@test.com,123456
test688@test.com,123456
test689@test.com,123456
test690@test.com,123456
test691@test.com,123456
test692@test.com,123456
test693@test.com,123456
test694@test.com,123456
test695@test.com,123456
test696@test.com,123456
test697@test.com,123456
test698@test.com,123456
test699@test.com,123456
test700@test.com,123456
test701@test.com,123456
test702@test.com,123456
test703@test.com,123456
test704@test.com,123456
test705@test.com,123456
test706@test.com,123456
test707@test.com,123456
test708@test.com,123456
test709@test.com,123456
test710@test.com,123456
test711@test.com,123456
test712@test.com,123456
test713@test.com,123456
test714@test.com,123456
test715@test.com,123456
test716@test.com,123456
test717@test.com,123456
test718@test.com,123456
test719@test.com,123456
test720@test.com,123456
test721@test.com,123456
test722@test.com,123456
test723@test.com,123456
test724@test.com,123456
test725@test.com,123456
test726@test.com,123456
test727@test.com,123456
test728@test.com,123456
test729@test.com,123456
test730@test.com,123456
test731@test.com,123456
test732@test.com,123456
test733@test.com,123456
test734@test.com,123456
test735@test.com,123456
test736@test.com,123456
test737@test.com,123456
test738@test.com,123456
test739@test.com,123456
test740@test.com,123456
test741@test.com,123456
test742@test.com,123456
test743@test.com,123456
test744@test.com,123456
test745@test.com,123456
test746@test.com,123456
test747@test.com,123456
test748@test.com,123456
test749@test.com,123456
test750@test.com,123456
test751@test.com,123456
test752@test.com,123456
test753@test.com,123456
test754@test.com,123456
test755@test.com,123456
test756@test.com,123456
test757@test.com,123456
test758@test.com,123456
test759@test.com,123456
test760@test.com,123456
test761@test.com,123456
test762@test.com,123456
test763@test.com,123456
test764@test.com,123456
test765@test.com,123456
test766@test.com,123456
test767@test.com,123456
test768@test.com,123456
test769@test.com,123456
test770@test.com,123456
test771@test.com,123456
test772@test.com,123456
test773@test.com,123456
test774@test.com,123456
test775@test.com,123456
test776@test.com,123456
test777@test.com,123456
test778@test.com,123456
test779@test.com,123456
test780@test.com,123456
test781@test.com,123456
test782@test.com,123456
test783@test.com,123456
test784@test.com,123456
test785@test.com,123456
test786@test.com,123456
test787@test.com,123456
test788@test.com,123456
test789@test.com,123456
test790@test.com,123456
test791@test.com,123456
test792@test.com,123456
test793@test.com,123456
test794@test.com,123456
test795@test.com,123456
test796@test.com,123456
test797@test.com,123456
test798@test.com,123456
test799@test.com,123456
test800@test.com,123456
test801@test.com,123456
test802@test.com,123456
test803@test.com,123456
test804@test.com,123456
test805@test.com,123456
test806@test.com,123456
test807@test.com,123456
test808@test.com,123456
test809@test.com,123456
test810@test.com,123456
test811@test.com,123456
test812@test.com,123456
test813@test.com,123456
test814@test.com,123456
test815@test.com,123456
test816@test.com,123456
test817@test.com,123456
test818@test.com,123456
test819@test.com,123456
test820@test.com,123456
test821@test.com,123456
test822@test.com,123456
test823@test.com,123456
test824@test.com,123456
test825@test.com,123456
test826@test.com,123456
test827@test.com,123456
test828@test.com,123456
test829@test.com,123456
test830@test.com,123456
test831@test.com,123456
test832@test.com,123456
test833@test.com,123456
test834@test.com,123456
test835@test.com,123456
test836@test.com,123456
test837@test.com,123456
test838@test.com,123456
test839@test.com,123456
test840@test.com,123456
test841@test.com,123456
test842@test.com,123456
test843@test.com,123456
test844@test.com,123456
test845@test.com,123456
test846@test.com,123456
test847@test.com,123456
test848@test.com,123456
test849@test.com,123456
test850@test.com,123456
test851@test.com,123456
test852@test.com,123456
test853@test.com,123456
test854@test.com,123456
test855@test.com,123456
test856@test.com,123456
test857@test.com,123456
test858@test.com,123456
test859@test.com,123456
test860@test.com,123456
test861@test.com,123456
test862@test.com,123456
test863@test.com,123456
test864@test.com,123456
test865@test.com,123456
test866@test.com,123456
test867@test.com,123456
test868@test.com,123456
test869@test.com,123456
test870@test.com,123456
test871@test.com,123456
test872@test.com,123456
test873@test.com,123456
test874@test.com,123456
test875@test.com,123456
test876@test.com,123456
test877@test.com,123456
test878@test.com,123456
test879@test.com,123456
test880@test.com,123456
test881@test.com,123456
test882@test.com,123456
test883@test.com,123456
test884@test.com,123456
test885@test.com,123456
test886@test.com,123456
test887@test.com,123456
test888@test.com,123456
test889@test.com,123456
test890@test.com,123456
test891@test.com,123456
test892@test.com,123456
test893@test.com,123456
test894@test.com,123456
test895@test.com,123456
test896@test.com,123456
test897@test.com,123456
test898@test.com,123456
test899@test.com,123456
test900@test.com,123456
test901@test.com,123456
test902@test.com,123456
test903@test.com,123456
test904@test.com,123456
test905@test.com,123456
test906@test.com,123456
test907@test.com,123456
test908@test.com,123456
test909@test.com,123456
test910@test.com,123456
test911@test.com,123456
test912@test.com,123456
test913@test.com,123456
test914@test.com,123456
test915@test.com,123456
test916@test.com,123456
test917@test.com,123456
test918@test.com,123456
test919@test.com,123456
test920@test.com,123456
test921@test.com,123456
test922@test.com,123456
test923@test.com,123456
test924@test.com,123456
test925@test.com,123456
test926@test.com,123456
test927@test.com,123456
test928@test.com,123456
test929@test.com,123456
test930@test.com,123456
test931@test.com,123456
test932@test.com,123456
test933@test.com,123456
test934@test.com,123456
test935@test.com,123456
test936@test.com,123456
test937@test.com,123456
test938@test.com,123456
test939@test.com,123456
test940@test.com,123456
test941@test.com,123456
test942@test.com,123456
test943@test.com,123456
test944@test.com,123456
test945@test.com,123456
test946@test.com,123456
test947@test.com,123456
test948@test.com,123456
test949@test.com,123456
test950@test.com,123456
test951@test.com,123456
test952@test.com,123456
test953@test.com,123456
test954@test.com,123456
test955@test.com,123456
test956@test.com,123456
test957@test.com,123456
test958@test.com,123456
test959@test.com,123456
test960@test.com,123456
test961@test.com,123456
test962@test.com,123456
test963@test.com,123456
test964@test.com,123456
test965@test.com,123456
test966@test.com,123456
test967@test.com,123456
test968@test.com,123456
test969@test.com,123456
test970@test.com,123456
test971@test.com,123456
test972@test.com,123456
test973@test.com,123456
test974@test.com,123456
test975@test.com,123456
test976@test.com,123456
test977@test.com,123456
test978@test.com,123456
test979@test.com,123456
test980@test.com,123456
test981@test.com,123456
test982@test.com,123456
test983@test.com,123456
test984@test.com,123456
test985@test.com,123456
test986@test.com,123456
test987@test.com,123456
test988@test.com,123456
test989@test.com,123456
test990@test.com,123456
test991@test.com,123456
test992@test.com,123456
test993@test.com,123456
test994@test.com,123456
test995@test.com,123456
test996@test.com,123456
test997@test.com,123456
test998@test.com,123456
test999@test.com,123456
test1000@test.com,123456
test1001@test.com,123456
test1002@test.com,123456
test1003@test.com,123456
test1004@test.com,123456
test1005@test.com,123456
test1006@test.com,123456
test1007@test.com,123456
test1008@test.com,123456
test1009@test.com,123456
test1010@test.com,123456
test1011@test.com,123456
test1012@test.com,123456
test1013@test.com,123456
test1014@test.com,123456
test1015@test.com,123456
test1016@test.com,123456
test1017@test.com,123456
test1018@test.com,123456
test1019@test.com,123456
test1020@test.com,123456
test1021@test.com,123456
test1022@test.com,123456
test1023@test.com,123456
test1024@test.com,123456
test1025@test.com,123456
test1026@test.com,123456
test1027@test.com,123456
test1028@test.com,123456
test1029@test.com,123456
test1030@test.com,123456
test1031@test.com,123456
test1032@test.com,123456
test1033@test.com,123456
test1034@test.com,123456
test1035@test.com,123456
test1036@test.com,123456
test1037@test.com,123456
test1038@test.com,123456
test1039@test.com,123456
test1040@test.com,123456
test1041@test.com,123456
test1042@test.com,123456
test1043@test.com,123456
test1044@test.com,123456
test1045@test.com,123456
test1046@test.com,123456
test1047@test.com,123456
test1048@test.com,123456
test1049@test.com,123456
test1050@test.com,123456
test1051@test.com,123456
test1052@test.com,123456
test1053@test.com,123456
test1054@test.com,123456
test1055@test.com,123456
test1056@test.com,123456
test1057@test.com,123456
test1058@test.com,123456
test1059@test.com,123456
test1060@test.com,123456
test1061@test.com,123456
test1062@test.com,123456
test1063@test.com,123456
test1064@test.com,123456
test1065@test.com,123456
test1066@test.com,123456
test1067@test.com,123456
test1068@test.com,123456
test1069@test.com,123456
test1070@test.com,123456
test1071@test.com,123456
test1072@test.com,123456
test1073@test.com,123456
test1074@test.com,123456
test1075@test.com,123456
test1076@test.com,123456
test1077@test.com,123456
test1078@test.com,123456
test1079@test.com,123456
test1080@test.com,123456
test1081@test.com,123456
test1082@test.com,123456
test1083@test.com,123456
test1084@test.com,123456
test1085@test.com,123456
test1086@test.com,123456
test1087@test.com,123456
test1088@test.com,123456
test1089@test.com,123456
test1090@test.com,123456
test1091@test.com,123456
test1092@test.com,123456
test1093@test.com,123456
test1094@test.com,123456
test1095@test.com,123456
test1096@test.com,123456
test1097@test.com,123456
test1098@test.com,123456
test1099@test.com,123456
test1100@test.com,123456
test1101@test.com,123456
test1102@test.com,123456
test1103@test.com,123456
test1104@test.com,123456
test1105@test.com,123456
test1106@test.com,123456
test1107@test.com,123456
test1108@test.com,123456
test1109@test.com,123456
test1110@test.com,123456
test1111@test.com,123456
test1112@test.com,123456
test1113@test.com,123456
test1114@test.com,123456
test1115@test.com,123456
test1116@test.com,123456
test1117@test.com,123456
test1118@test.com,123456
test1119@test.com,123456
test1120@test.com,123456
test1121@test.com,123456
test1122@test.com,123456
test1123@test.com,123456
test1124@test.com,123456
test1125@test.com,123456
test1126@test.com,123456
test1127@test.com,123456
test1128@test.com,123456
test1129@test.com,123456
test1130@test.com,123456
test1131@test.com,123456
test1132@test.com,123456
test1133@test.com,123456
test1134@test.com,123456
test1135@test.com,123456
test1136@test.com,123456
test1137@test.com,123456
test1138@test.com,123456
test1139@test.com,123456
test1140@test.com,123456
test1141@test.com,123456
test1142@test.com,123456
test1143@test.com,123456
test1144@test.com,123456
test1145@test.com,123456
test1146@test.com,123456
test1147@test.com,123456
test1148@test.com,123456
test1149@test.com,123456
test1150@test.com,123456
test1151@test.com,123456
test1152@test.com,123456
test1153@test.com,123456
test1154@test.com,123456
test1155@test.com,123456
test1156@test.com,123456
test1157@test.com,123456
test1158@test.com,123456
test1159@test.com,123456
test1160@test.com,123456
test1161@test.com,123456
test1162@test.com,123456
test1163@test.com,123456
test1164@test.com,123456
test1165@test.com,123456
test1166@test.com,123456
test1167@test.com,123456
test1168@test.com,123456
test1169@test.com,123456
test1170@test.com,123456
test1171@test.com,123456
test1172@test.com,123456
test1173@test.com,123456
test1174@test.com,123456
test1175@test.com,123456
test1176@test.com,123456
test1177@test.com,123456
test1178@test.com,123456
test1179@test.com,123456
test1180@test.com,123456
test1181@test.com,123456
test1182@test.com,123456
test1183@test.com,123456
test1184@test.com,123456
test1185@test.com,123456
test1186@test.com,123456
test1187@test.com,123456
test1188@test.com,123456
test1189@test.com,123456
test1190@test.com,123456
test1191@test.com,123456
test1192@test.com,123456
test1193@test.com,123456
test1194@test.com,123456
test1195@test.com,123456
test1196@test.com,123456
test1197@test.com,123456
test1198@test.com,123456
test1199@test.com,123456
test1200@test.com,123456
test1201@test.com,123456
test1202@test.com,123456
test1203@test.com,123456
test1204@test.com,123456
test1205@test.com,123456
test1206@test.com,123456
test1207@test.com,123456
test1208@test.com,123456
test1209@test.com,123456
test1210@test.com,123456
test1211@test.com,123456
test1212@test.com,123456
test1213@test.com,123456
test1214@test.com,123456
test1215@test.com,123456
test1216@test.com,123456
test1217@test.com,123456
test1218@test.com,123456
test1219@test.com,123456
test1220@test.com,123456
test1221@test.com,123456
test1222@test.com,123456
test1223@test.com,123456
test1224@test.com,123456
test1225@test.com,123456
test1226@test.com,123456
test1227@test.com,123456
test1228@test.com,123456
test1229@test.com,123456
test1230@test.com,123456
test1231@test.com,123456
test1232@test.com,123456
test1233@test.com,123456
test1234@test.com,123456
test1235@test.com,123456
test1236@test.com,123456
test1237@test.com,123456
test1238@test.com,123456
test1239@test.com,123456
test1240@test.com,123456
test1241@test.com,123456
test1242@test.com,123456
test1243@test.com,123456
test1244@test.com,123456
test1245@test.com,123456
test1246@test.com,123456
test1247@test.com,123456
test1248@test.com,123456
test1249@test.com,123456
test1250@test.com,123456
test1251@test.com,123456
test1252@test.com,123456
test1253@test.com,123456
test1254@test.com,123456
test1255@test.com,123456
test1256@test.com,123456
test1257@test.com,123456
test1258@test.com,123456
test1259@test.com,123456
test1260@test.com,123456
test1261@test.com,123456
test1262@test.com,123456
test1263@test.com,123456
test1264@test.com,123456
test1265@test.com,123456
test1266@test.com,123456
test1267@test.com,123456
test1268@test.com,123456
test1269@test.com,123456
test1270@test.com,123456
test1271@test.com,123456
test1272@test.com,123456
test1273@test.com,123456
test1274@test.com,123456
test1275@test.com,123456
test1276@test.com,123456
test1277@test.com,123456
test1278@test.com,123456
test1279@test.com,123456
test1280@test.com,123456
test1281@test.com,123456
test1282@test.com,123456
test1283@test.com,123456
test1284@test.com,123456
test1285@test.com,123456
test1286@test.com,123456
test1287@test.com,123456
test1288@test.com,123456
test1289@test.com,123456
test1290@test.com,123456
test1291@test.com,123456
test1292@test.com,123456
test1293@test.com,123456
test1294@test.com,123456
test1295@test.com,123456
test1296@test.com,123456
test1297@test.com,123456
test1298@test.com,123456
test1299@test.com,123456
test1300@test.com,123456
test1301@test.com,123456
test1302@test.com,123456
test1303@test.com,123456
test1304@test.com,123456
test1305@test.com,123456
test1306@test.com,123456
test1307@test.com,123456
test1308@test.com,123456
test1309@test.com,123456
test1310@test.com,123456
test1311@test.com,123456
test1312@test.com,123456
test1313@test.com,123456
test1314@test.com,123456
test1315@test.com,123456
test1316@test.com,123456
test1317@test.com,123456
test1318@test.com,123456
test1319@test.com,123456
test1320@test.com,123456
test1321@test.com,123456
test1322@test.com,123456
test1323@test.com,123456
test1324@test.com,123456
test1325@test.com,123456
test1326@test.com,123456
test1327@test.com,123456
test1328@test.com,123456
test1329@test.com,123456
test1330@test.com,123456
test1331@test.com,123456
test1332@test.com,123456
test1333@test.com,123456
test1334@test.com,123456
test1335@test.com,123456
test1336@test.com,123456
test1337@test.com,123456
test1338@test.com,123456
test1339@test.com,123456
test1340@test.com,123456
test1341@test.com,123456
test1342@test.com,123456
test1343@test.com,123456
test1344@test.com,123456
test1345@test.com,123456
test1346@test.com,123456
test1347@test.com,123456
test1348@test.com,123456
test1349@test.com,123456
test1350@test.com,123456
test1351@test.com,123456
test1352@test.com,123456
test1353@test.com,123456
test1354@test.com,123456
test1355@test.com,123456
test1356@test.com,123456
test1357@test.com,123456
test1358@test.com,123456
test1359@test.com,123456
test1360@test.com,123456
test1361@test.com,123456
test1362@test.com,123456
test1363@test.com,123456
test1364@test.com,123456
test1365@test.com,123456
test1366@test.com,123456
test1367@test.com,123456
test1368@test.com,123456
test1369@test.com,123456
test1370@test.com,123456
test1371@test.com,123456
test1372@test.com,123456
test1373@test.com,123456
test1374@test.com,123456
test1375@test.com,123456
test1376@test.com,123456
test1377@test.com,123456
test1378@test.com,123456
test1379@test.com,123456
test1380@test.com,123456
test1381@test.com,123456
test1382@test.com,123456
test1383@test.com,123456
test1384@test.com,123456
test1385@test.com,123456
test1386@test.com,123456
test1387@test.com,123456
test1388@test.com,123456
test1389@test.com,123456
test1390@test.com,123456
test1391@test.com,123456
test1392@test.com,123456
test1393@test.com,123456
test1394@test.com,123456
test1395@test.com,123456
test1396@test.com,123456
test1397@test.com,123456
test1398@test.com,123456
test1399@test.com,123456
test1400@test.com,123456
test1401@test.com,123456
test1402@test.com,123456
test1403@test.com,123456
test1404@test.com,123456
test1405@test.com,123456
test1406@test.com,123456
test1407@test.com,123456
test1408@test.com,123456
test1409@test.com,123456
test1410@test.com,123456
test1411@test.com,123456
test1412@test.com,123456
test1413@test.com,123456
test1414@test.com,123456
test1415@test.com,123456
test1416@test.com,123456
test1417@test.com,123456
test1418@test.com,123456
test1419@test.com,123456
test1420@test.com,123456
test1421@test.com,123456
test1422@test.com,123456
test1423@test.com,123456
test1424@test.com,123456
test1425@test.com,123456
test1426@test.com,123456
test1427@test.com,123456
test1428@test.com,123456
test1429@test.com,123456
test1430@test.com,123456
test1431@test.com,123456
test1432@test.com,123456
test1433@test.com,123456
test1434@test.com,123456
test1435@test.com,123456
test1436@test.com,123456
test1437@test.com,123456
test1438@test.com,123456
test1439@test.com,123456
test1440@test.com,123456
test1441@test.com,123456
test1442@test.com,123456
test1443@test.com,123456
test1444@test.com,123456
test1445@test.com,123456
test1446@test.com,123456
test1447@test.com,123456
test1448@test.com,123456
test1449@test.com,123456
test1450@test.com,123456
test1451@test.com,123456
test1452@test.com,123456
test1453@test.com,123456
test1454@test.com,123456
test1455@test.com,123456
test1456@test.com,123456
test1457@test.com,123456
test1458@test.com,123456
test1459@test.com,123456
test1460@test.com,123456
test1461@test.com,123456
test1462@test.com,123456
test1463@test.com,123456
test1464@test.com,123456
test1465@test.com,123456
test1466@test.com,123456
test1467@test.com,123456
test1468@test.com,123456
test1469@test.com,123456
test1470@test.com,123456
test1471@test.com,123456
test1472@test.com,123456
test1473@test.com,123456
test1474@test.com,123456
test1475@test.com,123456
test1476@test.com,123456
test1477@test.com,123456
test1478@test.com,123456
test1479@test.com,123456
test1480@test.com,123456
test1481@test.com,123456
test1482@test.com,123456
test1483@test.com,123456
test1484@test.com,123456
test1485@test.com,123456
test1486@test.com,123456
test1487@test.com,123456
test1488@test.com,123456
test1489@test.com,123456
test1490@test.com,123456
test1491@test.com,123456
test1492@test.com,123456
test1493@test.com,123456
test1494@test.com,123456
test1495@test.com,123456
test1496@test.com,123456
test1497@test.com,123456
test1498@test.com,123456
test1499@test.com,123456
test1500@test.com,123456
test1501@test.com,123456
test1502@test.com,123456
test1503@test.com,123456
test1504@test.com,123456
test1505@test.com,123456
test1506@test.com,123456
test1507@test.com,123456
test1508@test.com,123456
test1509@test.com,123456
test1510@test.com,123456
test1511@test.com,123456
test1512@test.com,123456
test1513@test.com,123456
test1514@test.com,123456
test1515@test.com,123456
test1516@test.com,123456
test1517@test.com,123456
test1518@test.com,123456
test1519@test.com,123456
test1520@test.com,123456
test1521@test.com,123456
test1522@test.com,123456
test1523@test.com,123456
test1524@test.com,123456
test1525@test.com,123456
test1526@test.com,123456
test1527@test.com,123456
test1528@test.com,123456
test1529@test.com,123456
test1530@test.com,123456
test1531@test.com,123456
test1532@test.com,123456
test1533@test.com,123456
test1534@test.com,123456
test1535@test.com,123456
test1536@test.com,123456
test1537@test.com,123456
test1538@test.com,123456
test1539@test.com,123456
test1540@test.com,123456
test1541@test.com,123456
test1542@test.com,123456
test1543@test.com,123456
test1544@test.com,123456
test1545@test.com,123456
test1546@test.com,123456
test1547@test.com,123456
test1548@test.com,123456
test1549@test.com,123456
test1550@test.com,123456
test1551@test.com,123456
test1552@test.com,123456
test1553@test.com,123456
test1554@test.com,123456
test1555@test.com,123456
test1556@test.com,123456
test1557@test.com,123456
test1558@test.com,123456
test1559@test.com,123456
test1560@test.com,123456
test1561@test.com,123456
test1562@test.com,123456
test1563@test.com,123456
test1564@test.com,123456
test1565@test.com,123456
test1566@test.com,123456
test1567@test.com,123456
test1568@test.com,123456
test1569@test.com,123456
test1570@test.com,123456
test1571@test.com,123456
test1572@test.com,123456
test1573@test.com,123456
test1574@test.com,123456
test1575@test.com,123456
test1576@test.com,123456
test1577@test.com,123456
test1578@test.com,123456
test1579@test.com,123456
test1580@test.com,123456
test1581@test.com,123456
test1582@test.com,123456
test1583@test.com,123456
test1584@test.com,123456
test1585@test.com,123456
test1586@test.com,123456
test1587@test.com,123456
test1588@test.com,123456
test1589@test.com,123456
test1590@test.com,123456
test1591@test.com,123456
test1592@test.com,123456
